method,a,b,ab_sum,nll,converged
standard,0.00529357827911486,0.892523359944144,0.897816938223259,-4823.36994828749,TRUE
cleaned,0.00643628943294609,0.98,0.986436289432946,-4039.11568978007,TRUE
