method,a,b,ab_sum,target_weight,loglik,delta_loglik,nll,converged
standard,0.00529951982412106,0.892778865456956,0.898078385281077,0.101921614718923,4823.36985988229,0,-4823.36985988229,TRUE
cleaned,0.00320840769781432,0.995293611897247,0.998502019595061,0.00149798040493865,4294.73417110052,-528.635688781772,-4294.73417110052,FALSE
