baseline_mean_2019_2023,crisis_mean_2024_2026,crisis_min_2024_2026,crisis_max_2024_2026,basis_drop,s3_pass
0.541812499585589,0.626531363255207,0.527804035290314,0.690146646690695,0.0140084642952751,FALSE
