baseline_mean_2019_2023,crisis_min_2025_2026,basis_drop,s3_pass
0.466181659967368,0.508897169804014,-0.0427155098366465,FALSE
