baseline_mean_2019_2023,crisis_mean_2024_2026,crisis_min_2024_2026,crisis_max_2024_2026,basis_drop,s3_pass
0.550672035230088,0.662928153132082,0.543664678025515,0.731210753233761,0.00700735720457302,FALSE
